timestamp,source_ip,destination_ip,port,protocol,packet_size,request_count,anomaly
1773680450,14.236.157.113,182.177.54.92,22,HTTP,1256,97,1
1773680450,156.248.208.49,181.209.211.14,21,HTTP,1472,40,1
1773680450,183.191.17.109,188.149.117.160,8080,HTTP,943,34,1
1773680450,4.173.185.100,51.95.246.157,443,TCP,634,111,1
1773680450,179.68.41.102,21.189.36.222,443,TCP,935,47,1
1773680450,7.120.203.79,116.104.128.137,25,TCP,432,52,1
1773680450,64.208.102.61,151.101.132.129,80,TCP,1167,111,1
1773680450,19.129.115.214,102.68.237.191,8080,HTTPS,1030,51,1
1773680450,72.226.177.41,143.133.125.68,21,TCP,475,111,1
1773680450,132.84.218.86,139.106.148.91,8080,TCP,1438,61,-1
1773680450,72.240.23.231,199.141.10.84,80,HTTP,904,32,1
1773680450,72.64.194.229,17.219.247.59,22,TCP,929,92,1
1773680450,249.111.89.175,117.93.138.116,443,HTTPS,559,65,1
1773680450,51.123.32.46,83.229.198.35,443,TCP,222,67,1
1773680450,171.193.33.146,125.135.89.205,8080,HTTP,1129,81,1
1773680450,24.120.112.250,123.227.151.182,8080,HTTPS,850,77,1
1773680450,3.170.31.158,122.77.47.72,80,UDP,1258,97,1
1773680450,129.140.147.128,90.121.72.94,22,HTTP,1471,18,1
1773680450,200.159.216.60,93.188.216.227,21,HTTPS,1266,66,1
1773680450,207.93.57.233,51.33.233.51,8080,TCP,781,99,1
1773680450,2.209.30.249,156.154.227.134,25,TCP,707,38,1
1773680450,61.107.149.9,68.80.99.9,21,UDP,277,60,1
1773680450,146.201.33.210,237.108.42.25,25,UDP,918,60,1
1773680450,177.5.195.96,35.61.59.107,443,HTTPS,1261,7,1
1773680450,247.238.38.123,149.220.196.85,25,HTTPS,591,77,1
1773680450,99.253.90.247,119.71.208.225,80,UDP,734,68,1
1773680450,154.82.211.115,115.171.214.99,80,HTTPS,270,1,1
1773680450,40.188.146.43,64.168.83.218,443,UDP,212,34,1
1773680450,180.18.37.17,121.200.113.188,8080,UDP,251,63,1
1773680450,206.118.249.18,103.53.240.199,80,UDP,1084,348,1
1773680450,159.79.191.35,56.95.215.242,22,HTTPS,1245,49,1
1773680450,251.200.108.163,201.227.182.158,25,HTTPS,183,98,1
1773680450,49.86.76.58,45.219.20.155,8080,HTTPS,695,16,1
1773680450,108.131.50.1,45.47.56.180,25,UDP,222,84,1
1773680450,28.189.176.44,10.126.142.198,443,UDP,566,52,1
1773680450,61.134.177.177,143.21.254.177,443,HTTP,371,17,1
1773680450,219.233.201.169,4.2.150.191,80,UDP,210,44,1
1773680450,32.81.52.165,6.60.86.52,21,UDP,871,35,1
1773680450,241.27.192.110,242.66.182.104,80,HTTP,705,63,1
1773680450,9.69.48.127,67.145.49.121,8080,TCP,109,5,-1
1773680450,208.9.195.233,244.19.238.56,8080,HTTP,802,89,1
1773680450,66.52.153.156,224.19.218.250,443,HTTPS,407,84,1
1773680450,144.154.146.67,63.16.204.252,80,HTTP,1189,114,1
1773680450,89.23.148.75,107.5.143.75,80,TCP,1164,40,1
1773680450,192.65.88.7,66.6.6.20,80,TCP,823,94,1
1773680450,5.172.127.143,234.112.17.60,443,TCP,806,65,1
1773680450,135.240.220.220,191.192.82.100,22,HTTPS,403,110,1
1773680450,37.192.183.229,231.198.49.95,22,HTTP,692,81,1
1773680450,87.21.138.172,248.255.187.11,443,HTTP,140,36,1
1773680450,91.35.75.132,195.234.52.35,8080,UDP,217,36,1
1773680450,140.229.137.191,188.51.113.80,8080,HTTP,666,85,1
1773680450,107.168.236.204,232.11.255.215,21,TCP,175,24,1
1773680450,98.75.186.39,69.239.173.138,8080,TCP,231,42,1
1773680450,184.157.105.236,152.165.182.67,443,HTTP,175,2,1
1773680450,211.121.150.100,140.72.16.138,80,HTTP,1068,43,1
1773680450,24.195.183.185,88.65.144.178,8080,TCP,498,93,1
1773680450,158.244.193.154,174.221.85.234,25,UDP,574,25,1
1773680450,69.170.206.35,184.14.16.61,8080,HTTP,726,119,1
1773680450,11.87.235.159,103.87.176.103,8080,UDP,1221,73,1
1773680450,142.36.35.128,253.158.161.143,22,TCP,1063,9,1
1773680450,187.81.219.11,9.70.111.25,443,UDP,372,52,1
1773680450,243.69.27.229,230.130.188.235,22,HTTPS,430,102,1
1773680450,7.148.254.158,206.76.126.155,443,HTTP,491,25,1
1773680450,199.104.53.53,162.81.198.124,80,HTTPS,1166,102,1
1773680450,53.15.179.27,204.101.30.237,21,UDP,1475,91,1
1773680450,73.243.65.119,45.27.59.19,443,TCP,1160,109,1
1773680450,179.202.131.95,142.238.44.74,80,TCP,158,34,1
1773680450,83.96.168.207,83.112.201.141,8080,TCP,427,94,1
1773680450,146.233.187.180,54.81.192.102,25,TCP,176,40,1
1773680450,178.208.55.104,94.99.114.116,80,UDP,288,37,1
1773680450,251.107.64.248,8.17.32.163,22,UDP,830,40,1
1773680450,165.167.4.127,122.22.162.65,21,HTTP,164,63,1
1773680450,23.97.84.72,183.152.198.98,8080,HTTP,382,53,1
1773680450,82.140.12.121,80.11.169.66,8080,HTTP,1019,63,1
1773680450,109.191.29.190,9.6.82.213,8080,HTTPS,1435,569,-1
1773680450,190.17.34.68,168.215.170.44,25,TCP,42,22,1
1773680450,138.6.45.234,45.83.17.9,8080,UDP,1267,28,1
1773680450,41.179.66.85,178.149.82.42,80,HTTPS,804,83,1
1773680450,38.104.61.181,43.121.207.102,8080,HTTP,1108,11,1
1773680450,247.3.179.51,213.199.66.138,8080,HTTPS,917,54,1
1773680450,11.50.63.20,253.123.60.161,22,UDP,438,72,1
1773680450,206.91.246.43,243.45.74.252,80,HTTP,862,105,1
1773680450,205.66.64.78,89.5.136.58,25,HTTP,971,10,1
1773680450,251.188.236.174,147.235.4.197,8080,UDP,751,101,1
1773680450,108.60.244.159,84.24.194.254,25,HTTPS,58,38,1
1773680450,147.248.172.103,179.31.172.18,80,HTTPS,889,331,1
1773680450,190.38.81.196,192.197.248.149,25,HTTPS,539,8,1
1773680450,148.100.251.124,211.211.186.79,22,UDP,183,1,1
1773680450,185.6.139.176,92.49.82.108,22,TCP,970,32,1
1773680450,209.18.157.226,95.34.114.171,443,UDP,1252,409,-1
1773680450,26.86.173.143,136.95.185.115,443,HTTP,137,3,1
1773680450,9.43.82.97,150.239.178.177,80,HTTPS,305,93,1
1773680450,11.10.207.105,140.103.43.155,8080,UDP,1208,32,1
1773680450,20.187.18.177,18.41.193.21,8080,TCP,998,47,1
1773680450,201.144.198.174,217.155.176.131,22,UDP,973,8,1
1773680450,99.161.236.35,183.215.175.72,22,UDP,1349,78,1
1773680450,151.98.173.65,157.101.247.16,8080,HTTP,1465,36,-1
1773680450,26.140.93.35,243.207.239.136,21,HTTP,1145,41,1
1773680450,48.228.196.13,216.19.224.103,80,UDP,593,105,1
1773680450,255.96.98.132,99.15.132.119,443,HTTPS,1177,71,1
1773680450,232.65.237.29,23.217.61.249,443,HTTPS,274,15,1
1773680450,11.236.78.169,239.31.191.211,80,TCP,796,311,1
1773680450,1.226.48.181,115.197.132.46,80,TCP,1077,66,1
1773680450,218.59.158.231,150.8.8.36,8080,HTTPS,184,115,-1
1773680450,103.24.114.69,172.238.207.146,443,HTTP,1324,60,1
1773680450,56.96.234.109,5.26.21.110,443,TCP,1204,115,1
1773680450,255.56.148.127,195.153.186.206,443,HTTPS,829,89,1
1773680450,144.50.57.91,158.173.210.30,80,HTTP,1411,67,1
1773680450,212.57.16.15,212.77.110.82,443,UDP,1026,81,1
1773680450,223.114.206.242,106.216.38.184,21,HTTP,345,115,1
1773680450,158.111.51.87,228.111.210.100,443,HTTP,556,36,1
1773680450,244.111.236.98,131.148.178.219,21,UDP,1306,40,1
1773680450,125.253.232.202,4.56.158.22,25,TCP,882,40,1
1773680450,149.200.50.51,220.128.168.245,443,HTTP,376,47,1
1773680450,163.18.164.100,5.35.239.137,443,HTTPS,526,89,1
1773680450,48.144.93.129,14.76.48.76,22,UDP,630,120,1
1773680450,176.28.3.202,195.246.146.240,8080,TCP,742,72,1
1773680450,248.190.248.159,248.47.9.238,443,TCP,796,57,1
1773680450,103.65.181.201,87.98.202.103,25,HTTP,1320,3,1
1773680450,84.141.8.250,81.57.209.191,22,HTTP,1281,58,1
1773680450,86.255.44.238,224.35.235.10,8080,HTTPS,404,10,1
1773680450,82.6.162.147,230.192.195.92,22,HTTP,393,114,1
1773680450,153.251.211.144,65.125.155.97,443,HTTP,1066,3,1
1773680450,84.58.84.44,180.97.54.69,443,HTTP,744,45,1
1773680450,100.106.170.76,203.246.40.186,25,HTTPS,834,45,1
1773680450,144.30.217.175,255.197.181.48,443,HTTPS,370,600,-1
1773680450,107.76.16.192,146.89.90.188,80,TCP,486,526,-1
1773680450,25.213.9.151,63.43.121.15,443,HTTPS,1267,101,1
1773680450,206.236.254.209,90.149.7.34,22,HTTPS,94,47,1
1773680450,119.242.164.144,222.151.253.136,443,UDP,916,69,1
1773680450,241.212.99.180,202.171.182.88,80,HTTP,1210,47,1
1773680450,6.185.22.66,94.122.30.205,80,UDP,187,420,-1
1773680450,244.46.199.245,232.29.157.164,22,UDP,1402,47,1
1773680450,216.29.9.128,193.25.206.235,80,TCP,791,90,1
1773680450,132.200.94.189,172.24.5.187,21,UDP,88,120,1
1773680450,159.220.17.162,235.244.155.58,21,UDP,41,78,1
1773680450,34.215.58.163,165.77.223.243,21,TCP,500,109,1
1773680450,10.173.238.20,226.83.101.69,22,TCP,370,3,1
1773680450,44.186.86.75,191.89.79.62,80,HTTP,57,72,1
1773680450,135.202.35.20,197.42.213.65,8080,TCP,1224,49,1
1773680450,145.172.177.108,112.83.70.129,22,HTTP,106,85,1
1773680450,251.132.116.187,29.105.122.62,22,HTTPS,1455,67,1
1773680450,129.7.157.89,50.81.25.84,25,HTTPS,899,20,1
1773680450,85.128.250.61,211.6.111.131,22,TCP,680,93,1
1773680450,128.122.81.213,84.247.202.237,21,TCP,1489,33,1
1773680450,116.28.187.171,241.7.144.187,80,TCP,1316,96,1
1773680450,213.150.28.235,64.177.27.106,22,HTTP,1366,83,1
1773680450,141.169.37.187,192.84.99.38,8080,TCP,620,12,1
1773680450,83.183.73.216,233.143.5.122,21,HTTPS,1378,28,1
1773680450,81.31.230.132,100.52.50.70,8080,HTTP,389,44,1
1773680450,183.250.230.166,35.12.153.15,80,TCP,1226,41,1
1773680450,235.126.15.239,203.4.226.251,8080,UDP,657,46,1
1773680450,124.94.109.17,173.1.228.222,25,TCP,1097,105,1
1773680450,37.123.254.92,129.34.180.193,25,HTTPS,794,399,-1
1773680450,209.19.214.86,187.32.229.220,21,HTTP,546,61,1
1773680450,104.2.14.227,163.77.121.172,443,TCP,1233,29,1
1773680450,79.72.91.6,136.168.236.134,443,HTTP,1371,120,1
1773680450,128.114.137.236,50.195.214.99,25,HTTPS,868,10,1
1773680450,26.67.68.76,213.92.156.233,80,HTTP,1354,61,1
1773680450,192.147.159.247,74.13.59.78,443,UDP,1322,118,1
1773680450,32.191.242.38,181.19.114.50,80,UDP,911,92,1
1773680450,127.77.201.218,137.201.216.233,443,HTTPS,242,3,1
1773680450,112.174.102.39,45.199.106.15,443,UDP,807,437,-1
1773680450,46.120.250.152,82.173.3.151,443,HTTP,123,81,1
1773680450,29.250.202.87,198.194.132.93,8080,HTTP,1167,82,1
1773680450,62.130.39.97,113.85.1.61,21,HTTP,371,60,1
1773680450,250.228.25.12,56.78.253.241,22,UDP,1229,113,1
1773680450,82.215.255.89,132.12.70.146,21,TCP,1318,80,1
1773680450,163.208.200.51,221.105.238.219,25,HTTPS,515,36,1
1773680450,130.189.108.123,90.44.170.206,25,HTTP,1412,93,1
1773680450,17.226.62.223,237.178.247.114,443,UDP,399,98,1
1773680450,107.231.208.222,155.101.102.85,25,TCP,139,101,1
1773680450,194.51.196.90,17.25.42.208,21,HTTPS,750,13,1
1773680450,231.65.214.100,189.52.119.32,443,UDP,997,84,1
1773680450,119.188.140.215,33.84.116.26,25,TCP,1033,42,1
1773680450,44.67.173.131,242.62.130.28,22,UDP,753,22,1
1773680450,2.112.18.181,101.227.149.19,443,HTTP,724,108,1
1773680450,84.95.22.73,160.234.9.47,80,TCP,1436,27,1
1773680450,235.16.67.53,148.237.117.236,80,HTTPS,279,469,-1
1773680450,36.68.99.197,95.109.85.96,80,HTTPS,967,8,1
1773680450,20.23.75.47,27.220.102.21,80,UDP,418,49,1
1773680450,95.216.84.165,169.19.207.233,22,HTTP,1474,44,1
1773680450,172.73.99.155,91.128.207.88,8080,UDP,1407,576,-1
1773680450,64.27.155.115,183.48.199.28,25,HTTP,308,65,1
1773680450,245.191.144.99,43.1.233.148,25,UDP,1180,28,1
1773680450,46.66.251.154,72.90.248.21,8080,HTTPS,624,78,1
1773680450,16.4.159.247,236.117.122.39,22,HTTPS,847,89,1
1773680450,209.187.191.158,72.211.239.100,80,HTTPS,977,14,1
1773680450,231.220.255.66,34.18.179.107,443,HTTP,170,76,1
1773680450,7.184.231.187,26.165.128.96,21,TCP,711,38,1
1773680450,98.209.233.40,70.32.33.5,25,HTTP,1493,112,1
1773680450,149.74.156.83,167.219.81.40,443,UDP,115,12,1
1773680450,251.210.63.82,26.255.149.179,21,HTTPS,534,93,1
1773680450,248.207.136.124,174.24.155.4,443,HTTPS,605,24,1
1773680450,111.53.187.202,84.236.230.197,443,HTTP,676,20,1
1773680450,76.55.95.118,20.142.74.179,8080,UDP,114,14,-1
1773680450,251.188.193.225,53.9.180.156,22,UDP,1209,103,1
1773680450,181.63.157.116,120.179.244.191,443,TCP,50,98,1
1773680450,74.198.235.241,17.231.117.52,21,TCP,1036,340,1
1773680450,96.157.89.47,135.58.143.50,21,HTTPS,981,356,1
1773680450,88.230.21.159,73.105.123.103,8080,HTTPS,146,71,1
1773680450,52.6.14.146,40.21.242.137,22,HTTP,973,547,-1
1773680450,24.77.126.163,174.98.24.117,8080,HTTPS,903,495,-1
1773680450,203.91.227.84,193.37.59.13,80,HTTP,424,36,1
1773680450,108.148.179.150,46.45.196.49,21,HTTP,127,32,1
1773680450,87.212.84.8,194.210.214.59,22,HTTPS,360,100,1
1773680450,59.48.95.152,186.103.28.52,25,TCP,1218,54,1
1773680450,213.30.27.34,211.64.212.27,21,UDP,582,62,1
1773680450,137.22.217.213,8.90.198.88,443,HTTPS,66,5,1
1773680450,173.193.46.85,188.255.181.124,21,TCP,963,109,1
1773680450,54.106.133.83,212.152.225.23,25,UDP,1376,59,1
1773680450,127.66.178.97,110.145.70.247,443,UDP,1413,116,1
1773680450,96.101.74.241,92.223.220.186,22,UDP,311,41,1
1773680450,69.248.124.239,119.114.46.134,25,HTTPS,1058,6,1
1773680450,43.88.76.252,162.31.145.214,8080,HTTPS,822,56,1
1773680450,104.72.147.245,45.201.36.189,25,HTTP,129,116,1
1773680450,41.200.40.167,177.140.17.29,22,TCP,782,58,1
1773680450,96.207.14.55,187.221.133.138,443,HTTP,754,76,1
1773680450,76.109.8.231,170.163.232.46,22,HTTP,257,37,1
1773680450,24.196.133.247,45.96.17.233,443,HTTPS,275,119,1
1773680450,91.211.228.73,182.250.39.172,8080,UDP,227,2,-1
1773680450,179.7.27.31,14.105.17.36,22,UDP,313,1,1
1773680450,2.153.228.216,30.125.177.131,443,HTTPS,1035,6,1
1773680450,28.23.221.203,37.4.219.31,22,HTTP,418,36,1
1773680450,173.65.69.49,64.48.172.73,80,TCP,1258,67,1
1773680450,178.170.204.155,211.2.205.10,21,HTTPS,269,90,1
1773680450,101.249.200.73,117.48.146.145,22,UDP,326,3,1
1773680450,99.205.15.171,102.251.168.220,21,TCP,1108,108,1
1773680450,167.30.35.150,136.122.202.100,443,UDP,640,119,1
1773680450,211.56.144.226,179.164.125.243,443,HTTPS,1283,28,1
1773680450,178.148.204.87,221.11.246.200,25,HTTP,1072,67,1
1773680450,61.3.211.185,70.75.61.235,8080,HTTPS,716,30,1
1773680450,195.129.239.108,250.33.212.155,22,TCP,364,70,1
1773680450,157.230.167.117,57.153.214.253,22,HTTP,1117,92,1
1773680450,102.56.50.23,111.145.198.140,22,UDP,863,7,1
1773680450,71.72.215.188,125.7.225.170,25,UDP,1396,51,1
1773680450,39.37.52.218,44.157.232.25,22,HTTP,1239,17,1
1773680450,106.69.79.241,91.41.37.92,22,TCP,843,36,1
1773680450,129.57.117.246,79.205.124.142,21,HTTP,511,26,1
1773680450,163.138.99.148,49.207.253.189,80,HTTPS,1212,31,1
1773680450,27.150.140.68,65.17.48.41,443,HTTP,225,13,1
1773680450,53.199.37.238,116.104.124.34,22,HTTP,413,26,1
1773680450,2.152.145.204,96.114.101.124,21,HTTP,1006,95,1
1773680450,71.32.195.166,161.69.46.57,22,TCP,417,74,1
1773680450,69.178.239.157,101.55.37.89,22,HTTPS,855,88,1
1773680450,110.145.9.158,145.3.47.236,80,TCP,1146,1,1
1773680450,246.116.140.138,170.35.113.102,8080,HTTPS,1238,108,1
1773680450,217.145.216.199,14.216.151.65,8080,HTTP,1140,60,1
1773680450,71.129.163.211,204.69.143.15,25,HTTP,178,24,1
1773680450,6.216.109.50,252.63.3.178,21,HTTP,646,310,1
1773680450,101.206.226.177,79.69.168.201,25,UDP,205,98,1
1773680450,190.136.15.141,166.123.159.131,80,HTTP,1218,41,1
1773680450,79.124.62.22,207.118.96.72,8080,TCP,963,54,1
1773680450,80.221.171.246,85.9.9.189,22,TCP,1198,110,1
1773680450,223.69.56.20,49.99.149.131,8080,HTTP,806,3,1
1773680450,86.175.156.197,226.38.150.203,25,UDP,911,29,1
1773680450,188.40.146.125,56.43.118.197,25,UDP,1094,63,1
1773680450,50.20.253.32,64.153.64.124,25,HTTPS,1269,13,1
1773680450,115.49.198.198,109.82.221.223,443,TCP,404,536,-1
1773680450,70.106.107.140,198.47.167.43,21,UDP,182,31,1
1773680450,95.139.22.76,33.8.91.233,443,UDP,513,72,1
1773680450,80.75.229.168,209.75.94.15,8080,HTTP,462,21,1
1773680450,105.7.253.189,129.30.149.164,443,HTTPS,41,57,1
1773680450,222.169.46.139,103.68.90.24,25,HTTPS,1069,49,1
1773680450,153.65.109.184,27.200.249.160,443,TCP,276,83,1
1773680450,108.192.42.239,112.233.51.111,8080,HTTPS,1022,54,1
1773680450,45.129.213.21,249.66.182.45,22,TCP,175,99,1
1773680450,213.160.188.21,95.184.2.107,21,HTTPS,633,89,1
1773680450,115.186.94.48,213.83.77.58,22,UDP,1012,25,1
1773680450,56.23.88.139,32.153.146.243,25,HTTP,984,426,1
1773680450,78.67.190.23,67.122.249.159,80,TCP,106,45,1
1773680450,65.179.190.119,203.105.49.232,22,UDP,54,324,-1
1773680450,219.242.109.129,55.12.12.153,22,HTTP,1231,95,1
1773680450,241.110.60.206,141.10.153.161,21,UDP,634,76,1
1773680450,95.69.219.105,156.252.129.2,80,TCP,984,67,1
1773680450,75.132.222.177,200.78.214.125,8080,HTTPS,519,479,-1
1773680450,4.124.6.234,183.67.115.5,22,HTTP,774,109,1
1773680450,162.165.116.186,241.15.251.41,8080,HTTPS,1169,110,1
1773680450,31.213.41.148,119.96.120.83,21,HTTPS,893,100,1
1773680450,64.186.179.137,149.87.225.230,21,UDP,926,333,1
1773680450,192.202.216.24,231.108.230.2,8080,UDP,1473,109,-1
1773680450,126.74.144.193,134.20.88.166,22,TCP,481,39,1
1773680450,11.185.107.245,90.206.22.182,8080,UDP,384,53,1
1773680450,89.230.17.239,101.72.216.145,25,TCP,536,13,1
1773680450,213.247.23.220,173.95.75.38,80,TCP,235,13,1
1773680450,108.204.30.85,56.2.88.48,8080,TCP,1145,82,1
1773680450,143.35.249.120,178.15.28.119,8080,HTTP,1174,82,1
1773680450,138.173.232.142,44.55.98.111,22,HTTP,307,90,1
1773680450,104.236.249.47,185.93.177.129,8080,TCP,1253,84,1
1773680450,201.217.155.151,73.17.150.202,21,HTTP,1388,26,1
1773680450,187.59.166.205,150.224.124.108,21,HTTP,1183,107,1
1773680450,218.96.220.40,115.242.103.27,22,TCP,897,111,1
1773680450,175.255.29.87,70.12.151.34,8080,UDP,569,85,1
1773680450,42.154.98.180,4.199.248.180,21,UDP,1459,68,1
1773680450,92.102.109.227,134.242.60.88,25,TCP,230,31,1
1773680450,237.181.226.174,95.34.170.236,80,UDP,1271,464,-1
1773680450,127.29.74.254,119.209.92.113,25,TCP,552,5,1
1773680450,242.25.229.120,75.136.159.255,8080,HTTPS,892,12,1
1773680450,152.97.171.215,139.33.233.241,22,HTTP,794,75,1
1773680450,172.48.207.235,59.43.215.156,8080,HTTP,794,27,1
1773680450,198.201.134.245,226.56.26.199,22,TCP,556,99,1
1773680450,187.89.110.109,56.229.13.50,8080,HTTP,438,102,1
1773680450,225.164.45.95,184.226.168.222,80,HTTP,746,4,1
1773680450,117.224.69.251,209.203.29.205,80,HTTP,696,25,1
1773680450,113.134.191.176,184.19.140.236,25,UDP,40,58,1
1773680450,217.125.161.104,24.105.246.22,443,UDP,969,28,1
1773680450,161.8.39.193,215.146.240.178,21,HTTP,1465,85,1
1773680450,36.85.49.159,246.236.212.25,21,UDP,207,23,1
1773680450,210.180.17.145,5.136.145.227,80,HTTP,1289,47,1
1773680450,69.236.193.149,46.94.72.60,8080,UDP,429,16,1
1773680450,192.53.53.188,204.139.191.98,22,HTTPS,1434,54,1
1773680450,104.176.41.167,231.119.51.179,21,HTTP,1458,84,1
1773680450,39.145.45.10,129.135.77.249,25,HTTP,310,114,1
1773680450,60.254.14.236,149.245.22.107,8080,UDP,1260,45,1
1773680450,4.45.15.198,95.200.199.155,443,UDP,1035,27,1
1773680450,176.114.165.2,105.11.76.219,443,UDP,867,76,1
1773680450,109.210.254.87,50.133.91.231,443,TCP,736,67,1
1773680450,104.128.249.163,22.53.225.123,21,HTTP,1247,117,1
1773680450,138.24.155.27,120.200.153.168,443,TCP,239,22,1
1773680450,13.235.158.177,148.238.239.105,443,UDP,924,14,1
1773680450,147.146.47.204,168.70.200.9,80,HTTPS,1001,12,1
1773680450,18.166.233.189,150.232.2.179,8080,HTTP,780,39,1
1773680450,255.233.121.24,94.252.254.130,8080,TCP,1498,82,-1
1773680450,225.59.155.106,204.168.226.247,8080,TCP,1489,23,-1
1773680450,131.95.39.53,168.72.249.4,21,HTTP,771,450,-1
1773680450,26.51.40.40,67.39.29.212,443,HTTP,1058,105,1
1773680450,116.159.19.64,217.203.233.161,22,HTTP,1218,115,1
1773680450,227.20.63.213,213.122.45.214,80,UDP,42,7,1
1773680450,97.88.8.137,75.91.64.39,21,HTTPS,160,79,1
1773680450,191.201.115.32,181.232.31.227,80,HTTP,1093,63,1
1773680450,12.197.174.226,112.33.187.101,21,HTTPS,969,90,1
1773680450,203.145.52.141,124.48.34.178,443,HTTPS,478,399,-1
1773680450,227.61.210.114,168.166.202.6,22,HTTP,667,117,1
1773680450,14.120.241.152,230.240.110.77,80,TCP,714,36,1
1773680450,85.198.225.76,177.49.173.207,80,HTTP,854,27,1
1773680450,84.74.35.151,3.160.84.153,25,HTTPS,1229,24,1
1773680450,168.229.75.172,123.89.246.117,22,HTTPS,43,36,1
1773680450,105.190.244.213,144.54.17.122,25,HTTP,661,23,1
1773680450,109.15.179.172,40.43.170.173,443,HTTP,1295,71,1
1773680450,9.200.34.138,138.184.225.23,21,HTTPS,132,99,1
1773680450,130.223.170.66,95.84.6.26,80,UDP,395,108,1
1773680450,107.62.147.159,178.91.108.123,22,HTTP,373,40,1
1773680450,240.191.209.233,11.36.251.216,21,TCP,396,62,1
1773680450,131.174.166.60,7.57.199.174,22,TCP,533,17,1
1773680450,75.29.244.163,104.148.49.187,8080,UDP,909,10,1
1773680450,12.212.240.231,213.222.62.181,8080,UDP,968,31,1
1773680450,43.115.199.52,143.52.192.173,21,UDP,1223,74,1
1773680450,217.98.240.39,83.140.207.254,21,HTTP,419,34,1
1773680450,127.242.210.7,22.210.195.15,80,UDP,1027,105,1
1773680450,161.250.49.142,16.188.162.143,8080,TCP,976,91,1
1773680450,13.209.215.197,213.172.136.3,25,UDP,801,99,1
1773680450,32.81.248.37,200.96.147.249,21,HTTP,760,61,1
1773680450,20.124.43.47,46.249.59.14,22,HTTPS,523,50,1
1773680450,90.153.228.151,20.101.135.98,443,TCP,897,93,1
1773680450,41.165.78.97,147.8.206.67,8080,TCP,1074,73,1
1773680450,73.210.254.70,236.191.45.40,80,HTTP,1309,27,1
1773680450,251.13.239.107,104.70.22.15,25,HTTPS,1492,96,1
1773680450,241.159.137.206,198.221.158.2,25,HTTPS,128,11,1
1773680450,58.52.156.36,235.145.72.141,80,UDP,1321,96,1
1773680450,134.193.84.201,183.223.189.71,80,UDP,331,35,1
1773680450,130.117.173.104,11.255.191.183,80,HTTPS,963,534,-1
1773680450,85.157.140.212,241.75.251.24,80,HTTP,1487,18,1
1773680450,142.164.23.224,158.43.231.59,80,HTTPS,1117,49,1
1773680450,65.157.208.95,236.29.53.232,21,HTTP,1296,60,1
1773680450,219.180.140.195,196.39.119.90,8080,UDP,1405,73,-1
1773680450,13.56.176.132,157.124.231.38,8080,TCP,234,17,1
1773680450,58.20.222.12,127.247.226.221,443,TCP,943,303,-1
1773680450,39.146.248.234,133.139.51.86,25,UDP,1076,120,1
1773680450,19.3.250.171,220.25.215.103,443,HTTP,1224,49,1
1773680450,104.64.91.236,98.41.85.98,25,HTTP,659,120,1
1773680450,223.79.116.77,251.178.192.26,443,HTTPS,380,45,1
1773680450,159.193.58.181,92.42.197.84,80,UDP,1398,83,1
1773680450,96.78.234.105,69.74.162.133,443,UDP,707,86,1
1773680450,64.66.35.36,214.168.99.227,443,UDP,573,92,1
1773680450,137.182.19.87,48.144.198.127,22,HTTPS,143,10,1
1773680450,101.213.54.84,85.88.99.237,80,UDP,715,25,1
1773680450,85.146.221.77,119.7.157.254,21,UDP,66,12,1
1773680450,214.184.62.60,175.3.203.229,443,HTTPS,411,109,1
1773680450,193.14.140.189,154.60.44.83,21,HTTPS,694,72,1
1773680450,4.203.158.233,39.146.51.233,80,UDP,1297,11,1
1773680450,154.132.246.190,70.17.79.178,80,TCP,532,88,1
1773680450,14.181.28.97,220.182.105.17,80,HTTPS,1484,17,1
1773680450,69.139.209.133,74.253.144.245,8080,HTTPS,928,109,1
1773680450,187.20.190.159,119.198.114.24,443,HTTPS,1097,10,1
1773680450,152.226.111.158,122.103.109.30,443,UDP,512,32,1
1773680450,68.238.200.234,29.93.71.150,443,HTTPS,1312,54,1
1773680450,164.191.91.157,201.133.114.111,443,HTTPS,1365,9,1
1773680450,242.224.7.147,226.120.137.144,443,TCP,1164,65,1
1773680450,218.32.13.241,6.110.114.178,80,HTTP,1412,109,1
1773680450,120.165.122.76,195.199.15.138,21,HTTP,57,78,1
1773680450,133.146.11.230,175.227.184.125,80,UDP,948,82,1
1773680450,144.219.72.114,239.255.244.254,21,UDP,855,39,1
1773680450,24.48.169.29,89.59.172.214,22,HTTPS,500,58,1
1773680450,99.129.15.42,125.47.10.248,80,HTTP,695,76,1
1773680450,87.99.124.145,218.218.23.192,21,UDP,724,80,1
1773680450,46.35.223.236,24.46.133.99,80,TCP,979,113,1
1773680450,140.50.146.15,150.148.206.254,443,HTTPS,218,53,1
1773680450,149.98.158.186,21.169.16.219,8080,HTTP,1021,85,1
1773680450,37.9.213.253,58.4.114.219,8080,HTTPS,370,120,1
1773680450,85.246.221.98,250.240.240.62,22,HTTPS,78,51,1
1773680450,235.169.109.71,32.6.20.47,21,UDP,473,61,1
1773680450,63.124.168.82,246.107.142.200,443,UDP,608,47,1
1773680450,193.47.216.41,45.67.41.208,22,HTTPS,735,109,1
1773680450,71.126.56.18,147.43.200.244,80,UDP,1094,47,1
1773680450,22.234.169.117,73.94.229.201,21,HTTPS,511,118,1
1773680450,211.82.138.161,239.87.54.160,25,HTTP,313,306,1
1773680450,46.254.241.193,124.114.242.82,25,TCP,272,109,1
1773680450,116.177.62.171,53.142.228.183,80,HTTPS,1157,104,1
1773680450,197.104.176.160,63.178.221.118,8080,UDP,1159,85,1
1773680450,175.182.71.42,94.235.179.185,443,TCP,676,7,1
1773680450,253.121.251.169,211.8.204.220,21,TCP,892,109,1
1773680450,200.66.82.87,13.185.38.32,21,TCP,730,51,1
1773680450,147.105.191.214,126.59.235.46,80,UDP,308,112,1
1773680450,186.221.5.195,176.237.133.88,8080,HTTP,224,117,1
1773680450,234.194.207.164,211.10.41.178,8080,HTTP,1135,102,1
1773680450,166.226.177.105,166.6.8.64,22,UDP,142,42,1
1773680450,63.250.118.55,131.227.122.12,443,UDP,260,11,1
1773680450,190.234.150.191,103.158.152.105,8080,HTTP,907,59,1
1773680450,192.13.40.179,178.249.196.51,443,TCP,62,1,-1
1773680450,200.198.129.202,204.108.48.183,25,UDP,1202,29,1
1773680450,143.234.67.200,184.72.146.157,21,HTTPS,376,53,1
1773680450,95.126.98.251,121.244.218.20,21,HTTPS,564,81,1
1773680450,39.42.70.114,232.171.161.204,443,HTTP,40,101,1
1773680450,251.98.66.231,191.163.62.193,21,TCP,184,28,1
1773680450,110.95.82.176,172.236.105.125,443,HTTP,889,9,1
1773680450,245.100.135.108,224.26.105.38,21,UDP,456,2,1
1773680450,75.98.169.21,242.29.64.121,21,HTTPS,787,369,1
1773680450,231.119.8.47,87.159.2.35,443,HTTPS,224,71,1
1773680450,153.114.213.238,209.161.56.152,25,TCP,973,61,1
1773680450,64.140.210.142,133.198.186.72,80,HTTP,636,115,1
1773680450,68.178.222.19,75.69.97.17,80,HTTP,1002,78,1
1773680450,62.213.23.172,232.83.208.82,21,HTTPS,667,83,1
1773680450,196.74.215.222,198.219.104.179,8080,HTTP,1252,41,1
1773680450,5.104.241.122,84.190.170.1,80,TCP,585,95,1
1773680450,115.219.160.220,106.63.221.107,80,TCP,341,47,1
1773680450,221.107.168.108,126.119.139.245,22,HTTP,1015,84,1
1773680450,114.136.193.208,43.131.121.77,21,UDP,1134,44,1
1773680450,26.8.90.216,228.95.106.225,8080,HTTP,409,85,1
1773680450,61.56.66.65,56.229.148.166,22,HTTPS,729,65,1
1773680450,65.46.236.254,32.125.101.62,22,UDP,117,519,-1
1773680450,178.142.218.133,84.141.127.140,443,TCP,109,1,1
1773680450,74.16.249.48,167.48.60.152,21,HTTPS,1140,38,1
1773680450,49.73.15.254,123.123.240.50,22,HTTPS,335,2,1
1773680450,142.191.168.248,222.239.34.29,80,HTTP,1218,91,1
1773680450,70.62.55.10,115.62.188.47,25,HTTPS,272,384,-1
1773680450,60.74.176.136,118.237.248.19,80,HTTPS,545,63,1
1773680450,29.212.101.61,29.35.252.180,443,HTTPS,848,100,1
1773680450,177.222.120.168,243.199.23.105,8080,TCP,738,64,1
1773680450,113.200.168.18,185.223.1.57,25,TCP,325,16,1
1773680450,180.254.254.16,231.178.11.29,25,HTTPS,646,98,1
1773680450,109.76.40.112,73.70.98.29,21,TCP,853,118,1
1773680450,225.178.136.147,151.191.141.56,25,TCP,873,90,1
1773680450,115.162.195.236,93.147.17.201,21,TCP,1374,32,1
1773680450,130.42.212.122,22.204.22.188,22,HTTP,1442,112,1
1773680450,137.174.79.120,130.29.174.38,80,HTTPS,1488,4,1
1773680450,97.231.199.163,150.43.213.250,443,HTTP,751,64,1
1773680450,41.75.91.153,66.111.203.84,8080,HTTPS,199,25,1
1773680450,86.139.151.251,32.11.68.125,22,HTTPS,228,111,1
1773680450,118.249.109.196,129.198.116.154,22,UDP,1476,13,1
1773680450,103.139.184.118,4.116.145.31,21,UDP,160,92,1
1773680450,165.176.223.137,33.201.199.234,21,UDP,1498,47,1
1773680450,11.205.99.54,121.189.42.196,22,HTTPS,1274,67,1
1773680450,190.18.200.222,162.44.70.127,80,HTTPS,148,35,1
1773680450,229.130.174.29,100.141.72.54,8080,HTTPS,314,86,1
1773680450,19.186.186.234,103.83.31.116,25,UDP,749,95,1
1773680450,34.3.216.149,35.119.179.131,443,TCP,1181,49,1
1773680450,85.34.110.61,28.15.69.77,443,TCP,1300,10,1
1773680450,54.155.36.71,160.192.185.164,22,HTTPS,1050,28,1
1773680450,127.131.135.209,249.236.181.79,80,HTTP,119,366,-1
1773680450,158.142.38.4,102.102.74.61,80,HTTPS,831,25,1
1773680450,14.89.149.109,253.160.79.180,443,UDP,1371,19,1
1773680450,162.158.79.17,169.187.121.219,443,HTTPS,1476,35,1
1773680450,226.178.75.69,236.132.236.217,22,UDP,1185,65,1
1773680450,159.253.172.110,193.94.128.228,21,UDP,955,70,1
1773680450,86.99.163.2,137.111.154.63,21,HTTP,53,112,1
1773680450,97.135.203.45,119.149.173.84,443,HTTP,310,22,1
1773680450,96.209.53.58,26.111.117.55,80,HTTP,997,9,1
1773680450,193.121.52.190,237.174.15.168,443,HTTP,200,42,1
1773680450,77.53.90.2,180.63.190.14,22,HTTPS,451,69,1
1773680450,225.122.13.243,149.250.215.112,25,HTTP,155,95,1
1773680450,254.56.8.7,51.54.154.50,21,HTTP,1415,64,1
1773680450,99.220.112.117,34.172.77.41,8080,UDP,1095,79,1
1773680450,88.179.166.226,146.213.236.114,21,UDP,117,16,1
1773680450,26.251.236.191,255.107.178.148,443,HTTPS,1349,40,1
1773680450,155.109.88.119,162.7.231.107,80,HTTPS,405,60,1
1773680450,113.68.92.255,80.12.158.79,25,HTTPS,68,60,1
1773680450,203.13.41.136,198.26.29.131,22,HTTP,954,311,1
1773680450,231.248.221.67,160.205.174.142,22,HTTP,1288,63,1
1773680450,171.58.26.133,12.229.244.216,22,TCP,591,27,1
1773680450,9.87.183.247,163.2.61.69,80,HTTPS,603,32,1
1773680450,8.5.154.181,47.124.55.175,80,HTTP,1189,18,1
1773680450,35.135.244.172,255.3.144.77,22,TCP,807,107,1
1773680450,122.208.204.101,59.75.69.143,8080,TCP,648,53,1
1773680450,102.254.165.178,69.193.46.115,22,UDP,579,4,1
1773680450,46.42.169.240,123.230.168.89,80,HTTPS,101,83,1
1773680450,182.160.68.28,208.132.161.102,22,UDP,940,108,1
1773680450,14.14.3.206,91.128.205.242,443,TCP,1114,81,1
1773680450,184.51.194.20,168.42.129.124,8080,HTTPS,307,76,1
1773680450,171.149.48.174,53.13.231.211,22,UDP,426,53,1
1773680450,161.78.34.84,235.116.34.254,25,TCP,970,71,1
1773680450,151.197.59.206,189.175.109.96,25,HTTPS,1187,2,1
1773680450,175.11.180.82,43.149.200.107,443,UDP,1465,39,1
1773680450,127.171.5.97,139.94.183.216,25,TCP,336,23,1
1773680450,240.82.228.93,121.236.14.190,8080,HTTPS,1491,63,-1
1773680450,151.118.211.6,114.39.144.112,21,HTTPS,863,29,1
1773680450,117.180.94.149,32.48.32.180,21,HTTPS,700,78,1
1773680450,116.213.1.43,39.116.58.233,80,TCP,1187,22,1
1773680450,108.175.249.121,210.224.159.236,80,TCP,559,534,-1
1773680450,71.52.37.29,178.180.84.115,8080,HTTP,1322,20,1
1773680450,94.221.32.228,207.155.166.84,443,TCP,339,53,1
1773680450,149.206.23.41,154.41.107.182,21,TCP,391,17,1
1773680450,223.210.119.197,227.203.229.146,8080,HTTP,680,36,1
1773680450,63.60.153.53,119.222.80.169,25,TCP,929,358,1
1773680450,242.150.79.31,53.217.108.86,21,HTTP,1059,88,1
1773680450,192.163.101.182,96.21.219.28,8080,UDP,366,17,1
1773680450,152.96.37.163,14.241.120.249,8080,HTTPS,1073,548,-1
1773680450,125.87.154.156,160.165.38.157,80,HTTP,1197,60,1
1773680450,151.181.231.138,169.169.39.180,8080,TCP,712,105,1
1773680450,195.80.102.186,246.4.38.26,443,HTTP,446,358,-1
1773680450,243.42.39.237,137.242.230.148,21,TCP,513,119,1
1773680450,5.158.211.38,72.238.137.36,25,HTTP,1381,30,1
1773680450,156.235.210.220,52.235.215.18,21,UDP,483,44,1
1773680450,122.121.135.160,76.147.103.190,8080,UDP,1362,62,1
1773680450,43.109.86.31,178.118.41.177,443,HTTP,1166,39,1
1773680450,179.243.230.116,50.176.112.83,25,UDP,62,73,1
1773680450,129.33.20.240,170.129.23.126,8080,HTTPS,1408,1,-1
1773680450,129.47.29.121,76.38.195.43,25,TCP,1161,72,1
1773680450,96.236.253.183,115.229.18.34,443,HTTP,737,40,1
1773680450,13.162.1.144,27.187.63.231,443,UDP,822,99,1
1773680450,80.119.21.236,153.59.25.168,8080,TCP,1161,54,1
1773680450,197.3.47.14,173.107.21.254,22,HTTPS,1498,43,1
1773680450,254.171.78.79,235.141.104.251,80,HTTPS,618,101,1
1773680450,161.180.96.211,141.1.149.143,8080,TCP,1476,74,-1
1773680450,84.100.45.219,211.246.117.163,21,UDP,1381,102,1
1773680450,228.131.172.250,94.92.133.71,22,UDP,351,117,1
1773680450,45.71.155.1,78.64.84.172,22,UDP,1043,21,1
1773680450,131.128.118.9,162.226.95.164,80,UDP,896,378,-1
1773680450,164.4.253.231,17.152.187.217,25,UDP,159,47,1
1773680450,64.18.253.197,122.127.15.212,21,TCP,1366,23,1
1773680450,86.46.172.150,220.253.187.150,8080,HTTPS,446,56,1
1773680450,76.127.237.199,99.78.37.235,21,UDP,586,53,1
1773680450,232.163.225.61,246.224.217.125,8080,HTTP,926,8,1
1773680450,104.10.43.241,47.67.207.252,8080,HTTP,1186,66,1
1773680450,92.181.94.197,14.241.25.47,8080,UDP,1071,24,1
1773680450,178.235.198.27,129.155.101.193,25,HTTPS,756,58,1
1773680450,96.149.72.180,132.159.110.254,25,HTTP,54,13,1
1773680450,120.148.25.33,62.217.248.105,443,UDP,94,8,1
1773680450,177.179.25.149,77.31.159.100,22,UDP,238,55,1
1773680450,247.218.213.16,32.211.129.230,21,HTTP,489,32,1
1773680450,152.48.199.52,2.198.252.223,25,TCP,560,11,1
1773680450,44.38.143.24,22.176.62.188,21,UDP,620,5,1
1773680450,86.51.91.47,232.87.73.86,22,HTTP,372,116,1
1773680450,98.183.93.243,69.197.232.97,8080,TCP,417,39,1
1773680450,92.199.250.179,245.139.181.105,21,HTTPS,1494,60,1
1773680450,193.99.67.197,246.37.28.63,25,HTTPS,1406,85,1
1773680450,39.124.98.60,152.189.14.11,443,HTTPS,966,90,1
1773680450,1.209.93.134,72.66.143.89,21,HTTP,991,5,1
1773680450,37.145.205.98,20.86.78.168,22,UDP,284,109,1
1773680450,107.36.78.54,245.51.54.151,21,UDP,1078,1,1
1773680450,243.148.66.29,197.29.205.48,8080,HTTP,1403,118,-1
1773680450,113.141.140.224,76.192.133.12,8080,HTTPS,1492,25,-1
1773680450,70.163.227.142,121.116.83.33,25,HTTP,978,82,1
1773680450,156.192.36.36,57.33.74.248,22,HTTPS,1402,47,1
1773680450,19.127.112.231,224.119.33.96,21,UDP,427,90,1
1773680450,162.225.26.187,156.56.129.201,21,HTTPS,1074,5,1
1773680450,69.201.232.17,216.62.182.75,21,HTTPS,255,68,1
1773680450,86.175.192.253,251.54.99.167,25,HTTP,212,14,1
1773680450,145.142.9.121,54.173.3.201,443,TCP,198,37,1
1773680450,170.113.252.172,12.243.234.240,22,HTTPS,69,62,1
1773680450,142.15.145.40,231.43.90.212,21,HTTPS,361,93,1
1773680450,44.245.248.140,122.155.47.134,25,TCP,722,69,1
1773680450,127.66.28.246,63.217.184.161,21,HTTPS,1014,592,-1
1773680450,116.242.169.186,123.210.248.47,443,UDP,707,77,1
1773680450,26.71.119.33,44.59.51.244,443,UDP,1065,101,1
1773680450,226.217.168.50,116.55.6.44,8080,TCP,524,95,1
1773680450,168.215.168.138,70.182.98.212,22,HTTP,768,74,1
1773680450,199.32.139.128,81.236.192.78,22,UDP,1403,60,1
1773680450,44.191.34.168,66.3.234.72,21,HTTP,517,20,1
1773680450,114.87.33.31,175.28.22.74,22,TCP,811,10,1
1773680450,15.166.8.68,50.27.58.255,80,UDP,1426,90,1
1773680450,207.83.186.253,125.222.187.111,443,TCP,910,113,1
1773680450,28.157.191.104,24.212.111.104,443,HTTPS,1295,115,1
1773680450,109.77.100.148,150.76.63.85,80,HTTPS,97,7,1
1773680450,42.96.51.168,156.168.43.122,22,UDP,1262,67,1
1773680450,21.247.173.97,34.207.222.201,21,HTTPS,933,17,1
1773680450,118.133.176.115,77.48.50.219,25,HTTP,339,65,1
1773680450,173.204.87.108,158.25.34.94,25,HTTPS,1037,103,1
1773680450,216.34.76.220,119.154.104.108,21,HTTPS,233,85,1
1773680450,129.99.43.99,202.181.28.190,8080,UDP,1278,115,-1
1773680450,43.58.58.193,99.58.134.210,80,TCP,919,11,1
1773680450,48.226.21.16,84.36.11.131,25,TCP,1195,516,-1
1773680450,141.197.69.36,185.212.77.60,25,UDP,1057,24,1
1773680450,237.193.26.15,176.54.71.123,443,TCP,1406,50,1
1773680450,186.127.155.6,9.52.247.61,22,UDP,1076,546,-1
1773680450,96.199.136.35,112.13.105.153,22,HTTP,91,66,1
1773680450,243.159.188.95,87.78.160.98,8080,HTTP,966,89,1
1773680450,35.209.89.248,110.162.68.156,443,TCP,1359,6,1
1773680450,84.71.199.13,180.62.128.4,21,HTTP,1283,2,1
1773680450,245.202.225.232,117.218.151.22,21,UDP,1341,119,1
1773680450,85.181.130.54,28.165.116.169,80,UDP,970,8,1
1773680450,156.2.111.136,42.208.116.240,25,HTTPS,1212,62,1
1773680450,126.39.192.65,198.150.105.163,443,TCP,706,9,1
1773680450,109.31.192.239,137.217.243.173,443,HTTP,1129,64,1
1773680450,238.214.236.203,61.83.188.218,21,UDP,53,89,1
1773680450,144.99.128.193,178.162.248.35,8080,HTTPS,1331,60,1
1773680450,46.26.87.224,120.9.209.21,8080,TCP,398,36,1
1773680450,209.62.145.42,3.251.128.26,80,HTTPS,426,27,1
1773680450,151.4.13.194,89.212.46.122,80,HTTPS,160,63,1
1773680450,83.9.250.216,170.64.18.64,8080,UDP,454,16,1
1773680450,63.175.36.87,189.24.141.234,25,TCP,1491,576,-1
1773680450,227.216.110.3,60.84.217.90,22,HTTPS,275,41,1
1773680450,48.48.210.177,12.144.203.105,21,HTTPS,141,29,1
1773680450,73.16.111.46,225.169.234.207,443,HTTPS,1051,21,1
1773680450,177.195.182.168,190.127.23.47,25,HTTP,1262,15,1
1773680450,115.125.221.173,89.227.30.119,25,TCP,1424,33,1
1773680450,30.45.158.13,94.154.61.233,80,HTTPS,869,118,1
1773680450,87.232.113.144,71.119.35.150,8080,UDP,75,30,1
1773680450,206.234.1.223,72.107.45.156,80,HTTPS,923,73,1
1773680450,110.161.8.226,224.66.122.213,443,HTTP,1027,110,1
1773680450,106.166.247.203,238.238.77.105,25,HTTPS,834,76,1
1773680450,86.155.85.243,241.144.89.201,443,TCP,498,55,1
1773680450,249.197.23.128,54.39.75.216,8080,HTTPS,757,54,1
1773680450,222.140.148.193,216.11.61.229,443,UDP,145,84,1
1773680450,37.175.62.50,8.145.44.208,80,UDP,243,62,1
1773680450,75.143.82.145,159.142.144.119,443,HTTP,1401,64,1
1773680450,35.251.198.26,39.50.216.237,21,HTTPS,1328,97,1
1773680450,84.23.132.44,134.139.6.145,25,TCP,748,93,1
1773680450,35.58.45.35,114.39.95.221,22,TCP,688,118,1
1773680450,247.85.7.197,87.35.128.100,8080,HTTPS,926,409,-1
1773680450,95.9.174.24,79.156.196.122,25,TCP,730,78,1
1773680450,236.152.59.166,247.246.144.64,21,HTTP,805,58,1
1773680450,231.157.110.204,215.127.50.89,80,UDP,280,50,1
1773680450,80.251.141.50,176.67.251.249,443,UDP,1244,105,1
1773680450,124.64.158.192,151.201.82.131,80,HTTPS,1210,70,1
1773680450,131.8.137.171,62.235.190.119,21,UDP,448,79,1
1773680450,43.192.35.52,197.57.136.122,25,HTTPS,1121,15,1
1773680450,187.46.123.198,54.234.50.222,22,TCP,1089,1,1
1773680450,14.230.90.247,99.225.94.183,22,HTTP,1433,72,1
1773680450,193.39.2.50,227.114.163.155,21,HTTP,1324,85,1
1773680450,226.29.108.241,167.208.67.212,25,UDP,1093,417,1
1773680450,219.151.177.145,254.199.241.238,21,UDP,499,112,1
1773680450,241.47.131.246,222.19.245.65,22,UDP,758,67,1
1773680450,58.60.103.152,197.77.137.5,8080,UDP,115,56,1
1773680450,216.28.94.128,212.237.35.162,25,UDP,889,79,1
1773680450,73.163.131.134,202.8.131.189,25,HTTP,127,56,1
1773680450,170.89.187.233,171.200.186.103,80,HTTPS,1399,79,1
1773680450,252.68.46.213,95.34.110.122,25,UDP,766,39,1
1773680450,86.71.65.68,124.164.27.42,21,HTTPS,1016,69,1
1773680450,36.115.191.185,126.236.96.218,443,TCP,378,47,1
1773680450,163.163.212.141,30.120.97.101,21,TCP,1205,93,1
1773680450,17.64.61.60,55.251.160.133,22,HTTP,1296,111,1
1773680450,138.132.152.62,203.46.29.1,8080,TCP,1474,98,-1
1773680450,186.39.121.163,130.74.42.35,80,HTTP,834,38,1
1773680450,131.112.5.6,215.17.125.88,80,HTTP,941,11,1
1773680450,137.33.139.144,80.131.242.170,25,HTTPS,431,13,1
1773680450,51.24.61.222,92.219.217.128,80,HTTPS,139,319,-1
1773680450,1.125.245.5,47.115.54.94,21,HTTPS,1056,21,1
1773680450,138.51.128.178,143.31.115.50,8080,TCP,517,84,1
1773680450,9.203.123.55,91.112.78.20,21,HTTPS,233,580,-1
1773680450,38.14.24.95,38.27.125.136,8080,HTTP,453,114,1
1773680450,202.98.18.130,176.171.227.255,80,HTTPS,830,84,1
1773680450,161.141.117.182,240.90.155.103,25,HTTP,42,94,1
1773680450,106.118.10.155,41.53.14.15,21,UDP,369,63,1
1773680450,18.123.253.19,70.164.172.173,22,HTTPS,287,311,1
1773680450,209.240.229.189,15.10.100.147,21,HTTPS,495,101,1
1773680450,6.229.18.91,191.8.96.79,21,HTTP,756,93,1
1773680450,37.60.214.111,91.3.174.31,22,HTTPS,1013,312,1
1773680450,74.1.125.91,17.68.225.132,22,HTTPS,45,79,1
1773680450,165.40.201.14,104.53.20.2,443,HTTPS,238,96,1
1773680450,85.121.227.143,49.214.148.68,8080,TCP,626,61,1
1773680450,110.83.66.106,79.43.26.132,22,TCP,265,24,1
1773680450,22.18.86.16,78.192.68.70,25,HTTP,1246,27,1
1773680450,122.10.211.188,145.157.24.80,25,TCP,619,60,1
1773680450,5.179.113.246,186.128.22.182,8080,HTTPS,679,1,1
1773680450,79.107.54.69,67.181.49.58,8080,HTTP,965,110,1
1773680450,27.129.194.251,211.172.240.7,443,TCP,720,78,1
1773680450,209.118.88.140,243.71.97.1,21,TCP,396,73,1
1773680450,68.79.54.251,171.36.158.74,8080,TCP,245,42,1
1773680450,147.239.73.139,119.85.114.140,8080,UDP,661,39,1
1773680450,158.86.99.240,114.6.141.40,22,HTTPS,201,78,1
1773680450,5.82.144.99,115.127.151.51,22,UDP,1273,44,1
1773680450,163.119.97.170,236.101.210.39,25,TCP,1203,54,1
1773680450,29.218.19.192,204.19.206.210,8080,HTTPS,1467,91,-1
1773680450,67.9.185.194,255.252.35.226,21,UDP,887,115,1
1773680450,172.191.70.219,141.15.250.104,22,TCP,1330,62,1
1773680450,96.228.9.101,244.187.88.203,80,HTTP,176,110,1
1773680450,111.243.79.175,24.100.181.108,25,UDP,158,62,1
1773680450,46.45.119.156,54.49.230.77,22,TCP,154,89,1
1773680450,245.124.239.237,102.225.206.155,25,HTTPS,1224,79,1
1773680450,62.41.145.205,152.124.35.151,21,UDP,166,75,1
1773680450,129.86.128.151,109.27.168.109,21,TCP,403,67,1
1773680450,2.245.223.242,173.104.197.11,25,HTTPS,482,4,1
1773680450,65.168.30.93,213.254.26.206,22,HTTPS,151,112,1
1773680450,157.151.224.31,13.96.174.237,80,TCP,1147,86,1
1773680450,117.74.206.249,145.32.67.222,8080,HTTPS,980,29,1
1773680450,177.108.79.205,10.36.165.145,443,UDP,247,68,1
1773680450,220.104.86.56,210.137.98.175,80,UDP,1467,115,1
1773680450,197.133.113.93,1.14.33.71,22,HTTPS,68,4,1
1773680450,33.77.58.165,154.146.145.86,21,HTTP,322,384,1
1773680450,106.42.67.193,3.166.79.164,80,TCP,1057,100,1
1773680450,154.213.215.143,55.130.91.64,8080,HTTP,936,57,1
1773680450,158.2.100.226,183.122.250.248,443,UDP,1326,38,1
1773680450,127.147.197.128,242.211.150.255,80,HTTPS,1099,101,1
1773680450,128.225.208.11,145.157.214.55,443,UDP,1103,110,1
1773680450,83.136.181.133,251.100.7.81,21,TCP,493,111,1
1773680450,76.106.204.116,241.214.179.91,80,HTTP,241,105,1
1773680450,163.141.56.183,115.122.168.161,443,UDP,1382,94,1
1773680450,21.178.228.131,8.30.213.244,22,UDP,324,68,1
1773680450,185.13.133.60,210.130.171.139,25,HTTPS,750,14,1
1773680450,163.76.71.100,185.173.39.203,8080,TCP,1368,102,1
1773680450,46.80.59.235,128.167.113.44,21,HTTP,288,66,1
1773680450,116.11.132.10,226.154.43.169,25,HTTP,1195,42,1
1773680450,216.151.108.102,230.84.175.129,443,UDP,745,90,1
1773680450,228.145.47.136,242.219.77.12,22,TCP,346,18,1
1773680450,150.7.135.10,24.37.198.209,80,UDP,1049,75,1
1773680450,242.233.241.160,147.210.180.165,80,TCP,1482,45,1
1773680450,224.51.22.229,139.71.132.109,443,HTTPS,414,97,1
1773680450,138.46.60.69,58.223.165.151,8080,HTTPS,183,52,1
1773680450,111.243.71.133,184.1.116.47,25,UDP,598,114,1
1773680450,3.116.113.64,188.177.13.45,22,HTTPS,100,25,1
1773680450,138.54.155.45,125.2.223.55,22,HTTP,1099,43,1
1773680450,164.158.23.219,216.143.111.151,22,UDP,1007,27,1
1773680450,253.133.249.247,44.10.177.250,22,TCP,1326,78,1
1773680450,53.185.124.105,100.155.83.53,21,HTTP,1211,50,1
1773680450,70.14.133.79,58.45.144.225,80,HTTP,526,78,1
1773680450,13.238.104.61,32.159.23.74,8080,TCP,1088,44,1
1773680450,99.37.50.26,38.167.139.77,8080,HTTP,1023,85,1
1773680450,40.170.234.174,137.155.117.68,21,HTTP,1174,99,1
1773680450,180.218.14.92,182.30.152.187,22,HTTP,634,111,1
1773680450,189.208.5.14,80.88.50.95,22,HTTP,54,43,1
1773680450,165.152.109.165,62.58.205.124,21,UDP,577,103,1
1773680450,25.39.62.156,159.196.166.160,22,HTTP,153,99,1
1773680450,228.3.253.50,67.93.224.157,22,UDP,120,95,1
1773680450,74.95.3.71,149.3.204.160,80,HTTPS,123,109,1
1773680450,238.225.235.32,4.153.68.8,80,TCP,66,117,1
1773680450,163.198.194.120,212.243.141.122,22,TCP,295,33,1
1773680450,117.180.132.124,207.193.98.173,22,HTTP,124,74,1
1773680450,1.188.72.1,127.202.253.27,80,UDP,1418,79,1
1773680450,223.119.75.208,11.58.101.227,8080,HTTPS,819,28,1
1773680450,83.138.239.45,227.183.89.1,21,HTTPS,1499,37,1
1773680450,58.249.6.110,218.194.244.218,22,UDP,1221,7,1
1773680450,219.215.201.189,21.37.78.193,22,HTTP,676,20,1
1773680450,216.88.115.91,160.20.50.21,8080,HTTP,1166,30,1
1773680450,212.120.170.253,209.15.84.186,22,TCP,391,87,1
1773680450,189.212.82.127,53.156.227.108,8080,TCP,475,89,1
1773680450,231.73.49.130,238.96.101.156,21,HTTPS,1301,41,1
1773680450,159.99.99.100,173.121.180.61,25,HTTPS,327,17,1
1773680450,62.92.40.122,211.191.78.71,8080,HTTP,1279,46,1
1773680450,140.100.50.33,22.25.29.137,443,HTTPS,946,113,1
1773680450,220.176.24.242,56.214.35.225,80,UDP,426,64,1
1773680450,63.208.35.91,131.173.190.112,443,HTTPS,347,15,1
1773680450,38.170.239.205,167.151.234.112,443,HTTPS,1215,72,1
1773680450,186.218.148.239,117.136.45.154,80,TCP,1403,22,1
1773680450,2.143.132.188,3.55.200.189,8080,HTTP,200,28,1
1773680450,244.162.75.228,46.135.103.99,25,HTTP,308,72,1
1773680450,112.108.52.77,16.44.174.34,443,HTTP,1208,564,-1
1773680450,109.52.88.179,107.112.37.162,443,TCP,1290,33,1
1773680450,101.208.181.45,145.79.43.229,80,HTTPS,150,89,1
1773680450,221.148.136.93,96.92.6.237,25,UDP,1209,44,1
1773680450,252.133.151.93,86.76.221.146,80,UDP,1048,104,1
1773680450,52.75.24.191,126.31.44.30,21,HTTP,1442,5,1
1773680450,165.50.221.156,72.49.63.172,8080,HTTP,1337,42,1
1773680450,42.192.80.43,219.218.154.235,80,TCP,811,118,1
1773680450,204.117.175.74,228.80.32.146,443,HTTPS,75,34,1
1773680450,86.180.222.147,146.249.111.212,25,HTTPS,663,42,1
1773680450,92.97.22.190,159.115.239.178,21,TCP,74,66,1
1773680450,143.123.145.163,236.88.186.208,22,HTTP,555,36,1
1773680450,121.57.171.209,209.32.176.167,80,HTTPS,725,38,1
1773680450,169.40.120.9,17.60.116.223,8080,HTTP,99,64,1
1773680450,35.232.172.131,122.34.119.227,22,UDP,786,10,1
1773680450,100.253.62.218,97.56.210.235,80,HTTPS,180,47,1
1773680450,21.223.44.174,161.6.242.138,80,TCP,476,98,1
1773680450,64.69.78.151,187.215.100.31,443,TCP,595,73,1
1773680450,244.75.159.236,213.89.64.247,22,HTTPS,325,64,1
1773680450,202.181.109.243,8.127.232.103,22,HTTPS,719,42,1
1773680450,2.149.167.10,68.19.71.216,443,TCP,1145,40,1
1773680450,138.72.226.125,65.76.199.247,8080,HTTPS,226,108,1
1773680450,175.44.57.133,122.152.3.114,80,TCP,244,20,1
1773680450,139.64.55.46,64.39.42.123,443,HTTPS,108,59,1
1773680450,113.224.69.42,41.175.149.196,8080,TCP,106,35,1
1773680450,81.234.106.248,203.155.22.241,21,TCP,872,83,1
1773680450,228.76.139.16,100.241.121.151,443,UDP,542,115,1
1773680450,223.161.19.131,122.202.44.188,443,TCP,853,62,1
1773680450,89.104.241.22,6.222.99.64,22,UDP,966,100,1
1773680450,210.209.136.19,215.76.190.204,80,UDP,1471,103,1
1773680450,124.46.233.151,235.8.192.137,21,UDP,726,115,1
1773680450,44.207.227.188,34.88.20.151,22,UDP,1166,24,1
1773680450,236.165.118.81,149.108.122.50,22,HTTP,581,8,1
1773680450,113.155.206.200,245.125.138.173,443,UDP,870,89,1
1773680450,28.141.102.169,153.21.220.39,21,HTTPS,1414,97,1
1773680450,30.120.210.139,42.15.161.171,22,TCP,635,22,1
1773680450,15.64.16.224,172.246.198.85,25,TCP,323,86,1
1773680450,248.179.185.241,87.133.106.84,443,HTTPS,1370,56,1
1773680450,17.184.188.188,67.51.181.195,80,TCP,1492,25,1
1773680450,66.159.116.202,134.24.229.216,443,TCP,908,25,1
1773680450,93.194.139.97,89.18.161.195,25,UDP,1118,13,1
1773680450,62.74.174.114,147.205.152.213,80,UDP,606,423,-1
1773680450,242.123.231.9,110.30.230.23,80,HTTP,1439,59,1
1773680450,234.3.4.187,209.166.75.114,443,TCP,598,108,1
1773680450,30.136.226.111,189.197.67.91,22,HTTP,1134,92,1
1773680450,41.113.227.128,200.109.148.1,22,HTTP,1153,59,1
1773680450,249.172.4.138,154.42.81.158,80,UDP,1081,67,1
1773680450,185.126.255.141,164.156.198.34,443,HTTP,1054,71,1
1773680450,192.54.51.98,95.218.238.28,25,HTTPS,1184,25,1
1773680450,153.25.184.30,50.187.190.124,80,HTTP,312,19,1
1773680450,201.127.169.243,166.7.108.172,22,UDP,282,34,1
1773680450,201.43.25.114,26.255.11.74,8080,TCP,556,69,1
1773680450,240.215.80.237,236.86.47.30,443,HTTPS,105,7,1
1773680450,176.143.181.82,154.126.33.85,21,HTTP,1140,110,1
1773680450,184.25.187.139,248.186.192.197,25,HTTPS,1130,40,1
1773680450,21.185.137.8,177.11.145.89,80,HTTP,290,13,1
1773680450,207.174.131.253,217.246.187.202,80,HTTP,310,490,-1
1773680450,210.6.169.5,102.105.141.122,80,HTTPS,55,52,1
1773680450,227.146.78.72,215.122.192.168,21,UDP,852,111,1
1773680450,72.247.207.200,170.161.47.128,8080,HTTP,152,45,1
1773680450,96.183.30.109,240.98.29.189,80,HTTP,884,2,1
1773680450,100.220.144.187,248.185.71.21,80,UDP,380,27,1
1773680450,255.233.37.215,220.138.217.118,80,HTTP,575,101,1
1773680450,207.205.128.210,7.160.104.209,80,HTTPS,876,20,1
1773680450,104.91.37.240,103.86.158.242,443,HTTP,690,15,1
1773680450,43.139.225.47,142.124.210.237,80,TCP,1446,20,1
1773680450,82.95.3.162,55.14.176.239,8080,UDP,1264,1,-1
1773680450,17.183.230.104,221.21.205.165,80,HTTP,1476,9,1
1773680450,217.106.130.152,158.47.39.182,8080,HTTP,563,73,1
1773680450,183.148.90.127,23.177.158.84,25,HTTP,626,420,-1
1773680450,202.126.2.212,154.117.27.149,22,UDP,273,22,1
1773680450,232.85.206.113,159.141.75.210,25,UDP,1026,80,1
1773680450,54.21.169.149,241.195.21.215,8080,UDP,1062,9,1
1773680450,128.253.221.106,162.242.77.252,22,HTTPS,310,4,1
1773680450,206.194.234.181,202.95.201.225,22,TCP,570,92,1
1773680450,33.86.139.145,146.222.61.99,21,HTTP,352,29,1
1773680450,118.94.160.17,190.7.88.167,443,UDP,834,35,1
1773680450,253.43.145.81,216.155.113.6,22,TCP,1151,119,1
1773680450,240.28.110.58,114.234.136.132,21,HTTPS,190,9,1
1773680450,96.1.240.246,104.25.79.53,22,TCP,629,93,1
1773680450,33.136.249.208,48.63.30.159,80,UDP,421,591,-1
1773680450,215.119.21.239,10.137.48.137,25,HTTPS,1206,81,1
1773680450,246.252.72.115,224.196.106.35,25,TCP,315,61,1
1773680450,49.20.74.186,197.62.109.52,443,HTTP,109,78,1
1773680450,169.118.88.47,4.91.22.69,443,HTTPS,1209,63,1
1773680450,136.34.118.224,39.228.120.33,8080,TCP,1124,4,1
1773680450,126.178.213.213,175.26.255.247,443,HTTP,111,75,1
1773680450,95.233.175.122,204.2.19.237,25,TCP,1182,9,1
1773680450,161.97.225.4,176.77.34.27,80,HTTPS,524,29,1
1773680450,161.66.107.84,190.24.52.36,25,TCP,208,553,-1
1773680450,172.17.29.119,78.25.194.18,80,TCP,1280,104,1
1773680450,190.213.44.50,108.236.242.103,443,HTTP,1496,120,1
1773680450,183.156.204.239,51.205.140.165,80,UDP,125,20,1
1773680450,233.9.100.37,82.129.234.67,21,HTTPS,894,28,1
1773680450,78.100.37.95,164.83.148.148,80,UDP,100,67,1
1773680450,67.53.219.55,231.143.123.191,80,UDP,1122,69,1
1773680450,251.112.108.141,8.30.22.106,21,HTTP,900,43,1
1773680450,51.4.182.204,21.108.134.201,21,UDP,1377,31,1
1773680450,24.177.223.210,66.158.99.75,22,HTTPS,42,38,1
1773680450,255.240.13.164,13.21.11.194,21,TCP,129,63,1
1773680450,123.147.47.72,218.90.131.89,80,HTTP,1452,3,1
1773680450,139.244.147.39,249.184.85.177,443,HTTPS,601,17,1
1773680450,226.38.138.143,169.236.92.124,21,UDP,1439,52,1
1773680450,196.76.11.66,250.135.190.240,25,UDP,185,49,1
1773680450,136.221.205.2,172.143.105.202,443,UDP,495,13,1
1773680450,174.6.28.15,215.15.76.204,8080,UDP,540,579,-1
1773680450,209.165.141.241,57.111.199.110,25,TCP,484,96,1
1773680450,75.239.239.231,64.11.133.240,25,HTTPS,1237,99,1
1773680450,77.138.167.210,174.182.136.41,22,TCP,235,16,1
1773680450,99.55.78.252,32.243.254.164,25,TCP,1361,67,1
1773680450,65.81.57.236,73.198.133.180,80,UDP,189,81,1
1773680450,155.103.50.195,121.196.69.89,80,UDP,749,114,1
1773680450,35.190.197.27,188.73.104.6,21,HTTPS,676,94,1
1773680450,45.78.22.110,105.149.21.96,80,UDP,211,95,1
1773680450,226.29.228.57,89.154.166.110,8080,UDP,794,384,-1
1773680450,164.82.203.75,57.32.108.28,443,UDP,727,39,1
1773680450,40.49.128.219,140.230.35.199,21,UDP,1309,116,1
1773680450,62.41.94.254,82.120.137.172,80,TCP,722,7,1
1773680450,33.90.178.57,109.3.183.112,80,HTTPS,1171,71,1
1773680450,33.110.66.120,143.232.71.48,80,HTTPS,833,119,1
1773680450,121.171.220.21,158.221.150.18,8080,TCP,262,111,1
1773680450,17.14.108.126,37.53.30.84,8080,HTTPS,1362,30,-1
1773680450,134.19.231.215,194.73.1.80,8080,UDP,1490,72,-1
1773680450,100.231.104.228,119.104.65.175,8080,HTTP,1028,40,1
1773680450,73.101.49.4,167.199.48.138,21,TCP,833,83,1
1773680450,26.71.202.245,71.137.120.153,8080,HTTP,381,77,1
1773680450,153.61.106.67,109.48.251.8,22,TCP,942,113,1
1773680450,138.115.160.103,47.25.195.139,21,TCP,856,71,1
1773680450,123.150.249.166,241.255.121.63,25,UDP,545,32,1
1773680450,224.171.29.40,173.46.39.196,8080,HTTP,584,76,1
1773680450,141.58.59.9,51.201.211.255,8080,TCP,989,73,1
1773680450,189.36.12.90,237.179.203.187,25,HTTP,890,22,1
1773680450,124.51.96.136,209.195.132.86,25,HTTP,1040,96,1
1773680450,193.21.255.173,74.54.151.223,22,HTTPS,76,7,1
1773680450,196.138.216.104,117.248.105.34,443,TCP,1366,107,1
1773680450,74.107.196.192,152.25.208.224,22,TCP,544,41,1
1773680450,76.59.194.130,194.84.200.158,22,TCP,1477,76,1
1773680450,78.135.177.170,68.99.148.5,80,UDP,352,81,1
1773680450,64.188.5.231,147.156.54.107,8080,HTTPS,974,120,1
1773680450,59.253.253.239,201.79.163.176,443,HTTPS,753,23,1
1773680450,51.71.131.223,117.219.189.17,8080,HTTPS,374,102,1
1773680450,77.235.22.161,242.216.144.162,21,UDP,945,102,1
1773680450,109.94.90.153,122.76.167.168,25,HTTP,141,60,1
1773680450,33.217.154.182,205.7.151.122,8080,HTTPS,374,62,1
1773680450,247.143.198.241,219.193.34.212,25,TCP,1238,68,1
1773680450,234.68.251.148,249.111.131.179,21,HTTPS,1490,80,1
1773680450,229.192.5.142,135.148.115.237,25,HTTPS,1039,13,1
1773680450,73.33.174.155,169.224.240.111,25,HTTPS,589,15,1
1773680450,20.105.224.115,47.107.34.230,25,TCP,316,12,1
1773680450,124.249.44.255,198.85.157.135,443,HTTP,183,101,1
1773680450,133.53.141.23,88.81.41.38,21,HTTPS,1481,17,1
1773680450,24.96.200.140,250.77.68.112,21,UDP,1453,33,1
1773680450,67.52.106.59,164.44.207.239,8080,HTTP,290,60,1
1773680450,103.79.144.68,162.196.19.228,22,UDP,1383,54,1
1773680450,57.70.187.205,13.145.45.152,25,HTTP,1066,11,1
1773680450,207.144.102.151,168.190.230.33,25,UDP,1473,49,1
1773680450,169.49.97.219,76.236.101.191,443,HTTPS,632,14,1
1773680450,182.179.231.133,226.221.21.114,25,UDP,90,81,1
1773680450,212.108.119.200,109.108.4.225,8080,HTTPS,234,8,-1
1773680450,81.73.130.224,106.78.5.243,25,HTTP,340,22,1
1773680450,116.136.244.37,115.216.88.26,8080,HTTPS,1168,80,1
1773680450,140.75.35.219,235.9.122.12,21,HTTP,1296,116,1
1773680450,177.96.131.8,131.42.89.14,25,UDP,90,38,1
1773680450,254.81.136.89,111.158.170.83,8080,TCP,392,92,1
1773680450,226.164.212.163,135.16.147.169,443,TCP,1141,36,1
1773680450,20.120.131.209,194.23.88.131,22,TCP,364,78,1
1773680450,167.198.128.215,81.11.180.19,22,HTTPS,164,100,1
1773680450,186.208.116.31,110.183.178.211,22,TCP,160,83,1
1773680450,137.106.24.240,95.54.50.79,443,UDP,641,120,1
1773680450,29.54.94.111,244.4.170.174,80,HTTPS,227,372,-1
1773680450,46.102.50.220,246.102.169.219,22,TCP,1354,23,1
1773680450,30.32.94.48,84.25.77.229,21,TCP,861,70,1
1773680450,82.57.96.62,18.70.142.240,22,HTTP,1078,80,1
1773680450,222.166.6.159,29.87.130.115,80,HTTP,187,1,1
1773680450,144.189.73.164,69.146.148.145,80,HTTP,1350,91,1
1773680450,63.246.222.224,20.181.27.180,8080,HTTP,1251,119,-1
1773680450,249.229.136.39,223.35.108.73,8080,HTTP,937,30,1
1773680450,74.87.107.126,87.222.230.99,80,UDP,412,31,1
1773680450,125.195.234.242,233.16.134.154,80,HTTPS,612,60,1
1773680450,66.10.61.201,104.188.124.105,443,HTTP,573,102,1
1773680450,87.245.237.20,115.5.224.125,80,HTTP,402,91,1
1773680450,195.66.81.141,71.185.8.223,25,UDP,1116,94,1
1773680450,200.98.35.222,161.216.153.245,25,UDP,1424,101,1
1773680450,113.219.1.246,93.103.104.22,21,HTTPS,262,10,1
1773680450,100.141.98.68,40.106.82.55,443,UDP,894,112,1
1773680450,107.117.150.159,105.165.58.78,443,HTTP,219,70,1
1773680450,57.248.252.35,38.72.116.79,22,HTTPS,237,20,1
1773680450,65.226.254.201,81.177.133.158,80,UDP,179,39,1
1773680450,177.31.209.252,215.40.103.117,80,TCP,679,63,1
1773680450,183.255.252.205,28.111.145.234,80,HTTPS,565,110,1
1773680450,96.138.231.9,116.198.123.164,21,TCP,1445,2,1
1773680450,252.241.11.49,194.204.105.50,25,TCP,280,15,1
1773680450,173.113.190.127,164.236.16.192,8080,TCP,406,4,1
1773680450,8.40.86.77,149.214.43.17,21,UDP,276,6,1
1773680450,125.3.126.197,237.93.5.74,443,UDP,1107,443,-1
1773680450,233.9.114.100,103.192.176.207,25,UDP,1119,5,1
1773680450,242.181.41.148,249.101.136.194,22,TCP,477,12,1
1773680450,181.19.179.148,58.227.252.206,443,TCP,746,459,-1
1773680450,179.3.240.53,178.174.166.109,22,UDP,1043,105,1
1773680450,203.235.138.111,96.141.1.88,25,TCP,854,98,1
1773680450,157.222.161.125,124.101.236.243,443,HTTP,1055,35,1
1773680450,87.2.133.96,28.116.61.50,22,HTTP,204,117,1
1773680450,152.53.223.38,201.172.62.80,22,TCP,743,106,1
1773680450,210.253.33.38,245.106.49.33,25,TCP,212,84,1
1773680450,173.159.111.235,154.113.102.17,22,HTTP,882,65,1
1773680450,162.162.105.94,226.69.213.189,22,UDP,57,9,1
1773680450,166.205.193.40,160.141.169.87,8080,HTTP,1406,108,-1
1773680450,78.36.169.244,170.89.204.4,25,HTTPS,1439,17,1
1773680450,154.198.9.121,154.207.64.118,8080,UDP,1260,22,1
1773680450,198.230.209.128,30.227.150.51,80,UDP,1004,22,1
1773680450,81.92.96.25,218.176.188.27,21,UDP,722,93,1
1773680450,219.173.187.227,17.41.57.129,22,HTTP,588,25,1
1773680450,131.129.49.11,47.12.206.209,443,HTTPS,1368,78,1
1773680450,141.96.74.67,76.173.132.9,443,HTTPS,564,92,1
1773680450,57.41.21.106,169.173.44.14,21,TCP,617,97,1
1773680450,51.93.15.11,122.146.65.53,25,TCP,997,45,1
1773680450,89.157.90.187,61.5.19.254,21,TCP,1157,46,1
1773680450,101.126.140.85,96.86.240.240,25,UDP,558,76,1
1773680450,79.43.255.5,202.146.228.12,25,TCP,865,51,1
1773680450,87.243.31.50,98.123.20.58,80,HTTP,1133,113,1
1773680450,13.41.126.121,76.170.15.43,21,HTTP,1448,112,1
1773680450,123.56.253.112,221.224.87.168,80,TCP,407,89,1
1773680450,177.53.50.15,21.242.149.125,25,HTTP,573,16,1
1773680450,189.149.141.104,248.208.112.64,25,HTTPS,45,3,1
1773680450,223.191.42.202,208.76.174.28,21,UDP,714,93,1
1773680450,28.105.5.130,197.207.150.145,22,HTTPS,347,68,1
1773680450,178.119.81.221,211.242.185.241,21,HTTPS,686,41,1
1773680450,51.120.169.153,164.249.47.241,21,HTTP,751,34,1
1773680450,197.14.51.231,5.5.31.155,443,TCP,1390,4,1
1773680450,216.188.214.93,217.14.77.9,80,HTTPS,797,55,1
1773680450,118.107.91.155,234.162.44.142,21,HTTP,540,21,1
1773680450,192.133.18.123,13.192.55.214,25,HTTPS,922,32,1
1773680450,34.7.5.89,213.156.98.187,8080,TCP,1269,102,1
1773680450,140.97.250.147,96.137.53.162,21,HTTP,455,34,1
1773680450,252.57.233.88,235.158.69.53,8080,HTTP,906,22,1
1773680450,53.5.58.145,26.148.215.16,22,HTTP,147,39,1
1773680450,7.15.189.146,235.20.50.196,25,UDP,694,100,1
1773680450,61.56.165.162,244.57.183.48,80,TCP,446,28,1
1773680450,166.11.108.245,165.102.51.100,21,HTTP,1080,108,1
1773680450,22.234.38.109,139.218.236.151,80,TCP,925,92,1
1773680450,245.225.19.128,80.246.24.171,22,TCP,412,75,1
1773680450,122.7.210.211,119.171.92.28,25,UDP,1269,46,1
1773680450,23.80.13.53,110.18.214.95,8080,HTTP,1335,107,1
1773680450,68.212.194.76,61.59.15.64,21,UDP,901,47,1
1773680450,93.4.158.191,53.23.100.77,25,HTTP,1028,483,-1
